{"cameraMode":{"drawMode":0,"name":"Shaded","section":"Shading Mode"},"sceneLighting":true,"audioPlay":false,"sceneViewState":{"showFog":true,"showMaterialUpdate":false,"showSkybox":true,"showFlares":true,"showImageEffects":true,"showParticleSystems":true},"in2DMode":false,"pivot":{"x":237.65122985839845,"y":6.3832550048828129,"z":228.15245056152345},"rotation":{"x":0.008402802981436253,"y":0.9052875638008118,"z":-0.4243376851081848,"w":0.017928611487150193},"size":254.832275390625,"orthographic":false}