{"cameraMode":{"drawMode":0,"name":"Shaded","section":"Shading Mode"},"sceneLighting":true,"audioPlay":false,"sceneViewState":{"showFog":true,"showMaterialUpdate":false,"showSkybox":true,"showFlares":true,"showImageEffects":true,"showParticleSystems":true},"in2DMode":false,"pivot":{"x":1894.467041015625,"y":752.5109252929688,"z":762.686279296875},"rotation":{"x":-0.13711774349212647,"y":0.4673594832420349,"z":0.07363605499267578,"w":0.8702595233917236},"size":742.3802490234375,"orthographic":false}