{"cameraMode":{"drawMode":0,"name":"Shaded","section":"Shading Mode"},"sceneLighting":true,"audioPlay":false,"sceneViewState":{"showFog":true,"showMaterialUpdate":false,"showSkybox":true,"showFlares":true,"showImageEffects":true,"showParticleSystems":true},"in2DMode":false,"pivot":{"x":1479.0216064453125,"y":30.412967681884767,"z":261.63482666015627},"rotation":{"x":-0.01631814055144787,"y":0.8448664546012878,"z":-0.5341048240661621,"w":-0.025813372805714608},"size":7.042039394378662,"orthographic":false}